"STT","Nhóm","Thương hiệu","Tên trên hub","Giá hiển thị (đ)","Đơn vị hiển thị","VAT hiển thị","Ghi chú giá trên PDP","Nhiệt màu (PDP)","Lens (PDP)","Điện áp (PDP)","Bảo hành (PDP)","Vị trí lắp (PDP)","URL PDP (nguồn)","Ngày lấy dữ liệu","Trạng thái","Người xác nhận","Ngày hiệu lực giá","Ghi chú Commercial"
"1","Bi LED","AES","Bi LED AES F-002 Plus","5900000","/bộ","Chưa gồm VAT","Giá bộ đèn tham khảo, chưa bao gồm VAT","5500K","3.0 Inch","12-16V","36 tháng","Đèn chính","https://auto365.vn/bi-led-aes-f002-plus","09–10/10/2026","Đã xác nhận theo PDP","Chủ quản (xác nhận 10/10/2026)","Theo PDP tại 10/10/2026",""
"2","Bi LED","AES","Bi LED AES Turbo BM","9000000","/cặp","Chưa gồm VAT","Giá bộ đèn tham khảo, chưa bao gồm VAT","5500K hoặc 3000K/4300K/6000K; tâm Pha 5000K","","12-16V","36 tháng","Đèn chính","https://auto365.vn/bi-led-aes-turbo-bm","09–10/10/2026","Đã xác nhận theo PDP","Chủ quản (xác nhận 10/10/2026)","Theo PDP tại 10/10/2026",""
"3","Bi LED","Titan","Bi LED Titan Black 2026","6500000","/bộ","Chưa gồm VAT","Giá bộ đèn tham khảo, chưa bao gồm VAT","5200K / tâm Pha 3000K","3.0 Inch","12 -16V","36 tháng","Đèn chính","https://auto365.vn/bi-led-titan-black-2026","09–10/10/2026","Đã xác nhận theo PDP","Chủ quản (xác nhận 10/10/2026)","Theo PDP tại 10/10/2026",""
"4","Bi LED","AES","Bi LED AES SV Turbo S 2026","8000000","/bộ","Chưa gồm VAT","Giá bộ đèn tham khảo, chưa bao gồm VAT","Cos 5500K / Pha 5000K","","12 -16V","36 tháng","","https://auto365.vn/bi-led-aes-sv-turbo-s-2026","09–10/10/2026","Đã xác nhận theo PDP","Chủ quản (xác nhận 10/10/2026)","Theo PDP tại 10/10/2026",""
"5","Bi LED","X-Light","Bi LED X-Light V30 Ultra 2026","11000000","/bộ","Chưa gồm VAT","Giá bộ đèn tham khảo, chưa bao gồm VAT","5000K","","12 -16V","36 tháng","","https://auto365.vn/bi-led-x-light-v30-ultra","09–10/10/2026","Đã xác nhận theo PDP","Chủ quản (xác nhận 10/10/2026)","Theo PDP tại 10/10/2026",""
"6","Bi LED","X-Light","Bi LED X-Light V20L Quantum","11500000","/bộ","Chưa gồm VAT","Giá bộ đèn tham khảo, chưa bao gồm VAT","5500K","3.0 Inch","12 -16V","36 tháng","Đèn chính","https://auto365.vn/bi-led-x-light-v20l-quantum","09–10/10/2026","Đã xác nhận theo PDP","Chủ quản (xác nhận 10/10/2026)","Theo PDP tại 10/10/2026",""
"7","Bi LED","AES","Bi LED AES Ev8","8000000","/bộ","Chưa gồm VAT","Giá bộ đèn tham khảo, chưa bao gồm VAT","5500K","3.0 Inch","12 -16V","36 tháng","","https://auto365.vn/bi-led-aes-ev8","09–10/10/2026","Đã xác nhận theo PDP","Chủ quản (xác nhận 10/10/2026)","Theo PDP tại 10/10/2026",""
"8","Bi LED","AES","Bi LED AES SV Turbo","7000000","/bộ","Chưa gồm VAT","Giá bộ đèn tham khảo, chưa bao gồm VAT","5500K","","12 -16V","24 tháng","","https://auto365.vn/bi-led-aes-sv-turbo","09–10/10/2026","Đã xác nhận theo PDP","Chủ quản (xác nhận 10/10/2026)","Theo PDP tại 10/10/2026",""
"9","Bi LED","X-Light","ĐÈN BI LED X-LIGHT QUANTUM X V2","13500000","/bộ","Chưa gồm VAT","Giá bộ đèn tham khảo, chưa bao gồm VAT","Cos 5500K/Pha 5000K","3.0 Inch","12 -16V","36 tháng","Đèn chính","https://auto365.vn/den-bi-led-x-light-quantum-x-v2","09–10/10/2026","Đã xác nhận theo PDP","Chủ quản (xác nhận 10/10/2026)","Theo PDP tại 10/10/2026",""
"10","Bi LED","Titan","Bi LED Titan Moto Cb100 Pro Square","4000000","/bộ","Chưa gồm VAT","Giá bộ đèn tham khảo, chưa bao gồm VAT","5500K","3.0 Inch","12V","24 tháng","","https://auto365.vn/bi-led-titan-moto-cb100-pro-square","09–10/10/2026","Đã xác nhận theo PDP","Chủ quản (xác nhận 10/10/2026)","Theo PDP tại 10/10/2026",""
"11","Bi LED","Titan","Bi LED Titan Moto Cb100 Pro","4000000","/bộ","Chưa gồm VAT","Giá bộ đèn tham khảo, chưa bao gồm VAT","5500K","3.0 Inch","12V","24 tháng","","https://auto365.vn/bi-led-titan-moto-cb100-pro","09–10/10/2026","Đã xác nhận theo PDP","Chủ quản (xác nhận 10/10/2026)","Theo PDP tại 10/10/2026",""
"12","Bi LED","X-Light","Bi LED X-Light Quantum X","12500000","/bộ","Chưa gồm VAT","Giá bộ đèn tham khảo, chưa bao gồm VAT","5500K","3.0 Inch","12V","36 tháng","Đèn chính","https://auto365.vn/bi-led-x-light-quantum-x","09–10/10/2026","Đã xác nhận theo PDP","Chủ quản (xác nhận 10/10/2026)","Theo PDP tại 10/10/2026",""
"13","Bi LED","X-Light","Module Bi LED X-Light F+ Pro Mini","3900000","/bộ","Chưa gồm VAT","Giá bộ đèn tham khảo, chưa bao gồm VAT","5500K","","12V","36 tháng","Đèn chính","https://auto365.vn/module-bi-led-x-light-f-pro-mini","09–10/10/2026","Đã xác nhận theo PDP","Chủ quản (xác nhận 10/10/2026)","Theo PDP tại 10/10/2026",""
"14","Bi LED","Titan","Bi LED Titan Moto F200 Storm","6000000","/bộ","Chưa gồm VAT","Giá bộ đèn tham khảo, chưa bao gồm VAT","5500K","3.0 Inch","12V","24 tháng","","https://auto365.vn/bi-led-titan-moto-f200-storm","09–10/10/2026","Đã xác nhận theo PDP","Chủ quản (xác nhận 10/10/2026)","Theo PDP tại 10/10/2026",""
"15","Bi LED","X-Light","Bi LED X-Light X5 Ultra","11000000","/bộ","Chưa gồm VAT","Giá bộ đèn tham khảo, chưa bao gồm VAT","5500K","","12-16V","","","https://auto365.vn/bi-led-xlight-x5-ultra","09–10/10/2026","Đã xác nhận theo PDP","Chủ quản (xác nhận 10/10/2026)","Theo PDP tại 10/10/2026",""
"16","Bi LED","X-Light","ĐÈN BI LED X-LIGHT F+ PRO V2","7500000","/bộ","Chưa gồm VAT","Giá bộ đèn tham khảo, chưa bao gồm VAT","5500K","1.8 Inch","12 -16V","36 tháng","Đèn chính","https://auto365.vn/bi-led-xlight-f-pro-v2","09–10/10/2026","Đã xác nhận theo PDP","Chủ quản (xác nhận 10/10/2026)","Theo PDP tại 10/10/2026",""
"17","Bi LED","AES","Bi LED AES Ev6","3900000","/bộ","Chưa gồm VAT","Giá bộ đèn tham khảo, chưa bao gồm VAT","3000K - 4800K - 6000K","2.5 inch","12 - 16V","","","https://auto365.vn/bi-led-aes-ev6","09–10/10/2026","Đã xác nhận theo PDP","Chủ quản (xác nhận 10/10/2026)","Theo PDP tại 10/10/2026",""
"18","Bi LED","Titan","Bi LED Titan Moto Cb150 Pro Square","5000000","/bộ","Chưa gồm VAT","Giá bộ đèn tham khảo, chưa bao gồm VAT","5500K","","","","","https://auto365.vn/bi-led-titan-moto-cb150-pro-square","09–10/10/2026","Đã xác nhận theo PDP","Chủ quản (xác nhận 10/10/2026)","Theo PDP tại 10/10/2026",""
"19","Bi LED","Titan","Bi LED Titan Moto Cb150 Pro","5000000","/bộ","Chưa gồm VAT","Giá bộ đèn tham khảo, chưa bao gồm VAT","5500K","3.0 Inch","12V","24 tháng","","https://auto365.vn/bi-led-titan-moto-cb150-pro","09–10/10/2026","Đã xác nhận theo PDP","Chủ quản (xác nhận 10/10/2026)","Theo PDP tại 10/10/2026",""
"20","Bi LED","AES","Bi LED AES Ev2 Square","3600000","/bộ","Chưa gồm VAT","Giá bộ đèn tham khảo, chưa bao gồm VAT","5000K","","","","","https://auto365.vn/bi-led-aes-ev2-square","09–10/10/2026","Đã xác nhận theo PDP","Chủ quản (xác nhận 10/10/2026)","Theo PDP tại 10/10/2026",""
"21","Bi LED Mini","Titan","Bi LED Mini Titan Moto F-15 V2","2200000","/bộ","Chưa gồm VAT","Giá bộ đèn tham khảo, chưa bao gồm VAT","5500K","","12-16V","12 tháng","Đèn chính","https://auto365.vn/bi-led-mini-titan-moto-f15-v2","09–10/10/2026","Đã xác nhận theo PDP","Chủ quản (xác nhận 10/10/2026)","Theo PDP tại 10/10/2026",""
"22","Bi LED Mini","Henvvei","Module Bi LED Mini Henvvei H2 Pro","8500000","/bộ","Chưa gồm VAT","Giá bộ đèn tham khảo, chưa bao gồm VAT","5500K","","","","","https://auto365.vn/module-bi-led-mini-henvvei-h2-pro","09–10/10/2026","Đã xác nhận theo PDP","Chủ quản (xác nhận 10/10/2026)","Theo PDP tại 10/10/2026",""
"23","Bi LED Mini","Henvvei","Module Bi LED Mini Henvvei H1 Pro","6000000","/bộ","Chưa gồm VAT","Giá bộ đèn tham khảo, chưa bao gồm VAT","5500K","","","","","https://auto365.vn/module-bi-led-mini-henvvei-h1-pro","09–10/10/2026","Đã xác nhận theo PDP","Chủ quản (xác nhận 10/10/2026)","Theo PDP tại 10/10/2026",""
"24","Bi LED Mini","Titan","Bi LED Mini Titan Moto F15","2200000","/bộ","Chưa gồm VAT","Giá bộ đèn tham khảo, chưa bao gồm VAT","5500K","","16V","12 tháng","","https://auto365.vn/bi-led-mini-titan-moto-f15","09–10/10/2026","Đã xác nhận theo PDP","Chủ quản (xác nhận 10/10/2026)","Theo PDP tại 10/10/2026",""
"25","Bi LED Mini","X-Light","Bi LED Mini X-Light V12 Hyper","3000000","/bộ","Chưa gồm VAT","Giá bộ đèn tham khảo, chưa bao gồm VAT","5500K","","9 - 16v","24 tháng","Đèn chính","https://auto365.vn/bi-led-mini-x-light-v12-hyper","09–10/10/2026","Đã xác nhận theo PDP","Chủ quản (xác nhận 10/10/2026)","Theo PDP tại 10/10/2026",""
"26","Bi LED Mini","X-Light","Module Bi LED Mini X-Light F+ Pro Special 5500k","7500000","/bộ","Chưa gồm VAT","Giá bộ đèn tham khảo, chưa bao gồm VAT","5500K","","12V","24 tháng","","https://auto365.vn/module-bi-led-mini-x-light-f-pro-special-5000k","09–10/10/2026","Đã xác nhận theo PDP","Chủ quản (xác nhận 10/10/2026)","Theo PDP tại 10/10/2026",""
"27","Bi LED Mini","X-Light","Module Bi LED Mini X-Light F+ Max","4500000","/bộ","Chưa gồm VAT","Giá bộ đèn tham khảo, chưa bao gồm VAT","5500K","","12V","24 tháng","","https://auto365.vn/module-bi-led-mini-x-light-f-max","09–10/10/2026","Đã xác nhận theo PDP","Chủ quản (xác nhận 10/10/2026)","Theo PDP tại 10/10/2026",""
"28","Bi LED Mini","X-Light","Module Bi LED Mini X-Light F+ Pro 5500k","7500000","/bộ","Chưa gồm VAT","Giá bộ đèn tham khảo, chưa bao gồm VAT","5500K","AR","12V","24 tháng","","https://auto365.vn/module-bi-led-mini-x-light-f-pro-nhiet-mau-5000k","09–10/10/2026","Đã xác nhận theo PDP","Chủ quản (xác nhận 10/10/2026)","Theo PDP tại 10/10/2026",""
"29","Bi LED Mini","X-Light","Module Bi LED Mini X-Light F+ Pro","7500000","/bộ","Chưa gồm VAT","Giá bộ đèn tham khảo, chưa bao gồm VAT","","","","","","https://auto365.vn/module-bi-led-mini-x-light-f-pro","09–10/10/2026","Đã xác nhận theo PDP","Chủ quản (xác nhận 10/10/2026)","Theo PDP tại 10/10/2026",""
"30","Bi Laser","Henvvei","Bi Laser Henvvei L91 Pro 2024","18000000","/bộ","Chưa gồm VAT","Giá bộ đèn tham khảo, chưa bao gồm VAT","5500K","","","","","https://auto365.vn/bi-laser-henvvei-l91-pro-2024","09–10/10/2026","Đã xác nhận theo PDP","Chủ quản (xác nhận 10/10/2026)","Theo PDP tại 10/10/2026",""
"31","Bi Laser","Henvvei","Bi Laser Henvvei L92 Pro 2020","Liên hệ","","","","5500K","","9 - 16V","36 tháng","","https://auto365.vn/henvvei-l92-pro-2020","09–10/10/2026","Đã xác nhận theo PDP","Chủ quản (xác nhận 10/10/2026)","Theo PDP tại 10/10/2026",""
"32","Bi Laser","Henvvei","Bi Laser Henvvei L92 Pro(new 2024)","35000000","/bộ","Chưa gồm VAT","Giá bộ đèn tham khảo, chưa bao gồm VAT","5200K","AR","12V-16V","36 tháng","","https://auto365.vn/bi-laser-henvvei-l92-pro-new-2024","09–10/10/2026","Đã xác nhận theo PDP","Chủ quản (xác nhận 10/10/2026)","Theo PDP tại 10/10/2026",""
"33","Bi Laser","X-Light","Bi Laser X-Light F+ Ultra","11000000","/bộ","Chưa gồm VAT","Giá bộ đèn tham khảo, chưa bao gồm VAT","5500K","1.8 Inch","12 -16V","24 tháng","Đèn chính","https://auto365.vn/module-laser-x-light-f-ultra-new-2024","09–10/10/2026","Đã xác nhận theo PDP","Chủ quản (xác nhận 10/10/2026)","Theo PDP tại 10/10/2026",""
"34","Bi Laser","X-Light","Bi Laser X-Light V20l New 2024","11000000","/bộ","Chưa gồm VAT","Giá bộ đèn tham khảo, chưa bao gồm VAT","5000K","AR","12V - 16V","36 tháng","","https://auto365.vn/bi-laser-x-light-v20l-new-2024","09–10/10/2026","Đã xác nhận theo PDP","Chủ quản (xác nhận 10/10/2026)","Theo PDP tại 10/10/2026",""
"35","Bi Laser","Titan","Bi Laser Titan Moto Black Mini 1.8","4000000","/bộ","Chưa gồm VAT","Giá bộ đèn tham khảo, chưa bao gồm VAT","5000K","","12V","24 Tháng","","https://auto365.vn/titan-moto-black-mini-18-laser","09–10/10/2026","Đã xác nhận theo PDP","Chủ quản (xác nhận 10/10/2026)","Theo PDP tại 10/10/2026",""
"36","Bi Laser","X-Light","Bi Laser X-Light F+ Ultra Mini","9000000","/bộ","Chưa gồm VAT","Giá bộ đèn tham khảo, chưa bao gồm VAT","5500K","","12V","24 tháng","","https://auto365.vn/bi-laser-x-light-f-ultra-mini","09–10/10/2026","Đã xác nhận theo PDP","Chủ quản (xác nhận 10/10/2026)","Theo PDP tại 10/10/2026",""
"37","Bi Laser","Titan","Bi Laser Titan Platinum Plus","16900000","/bộ","Chưa gồm VAT","Giá bộ đèn tham khảo, chưa bao gồm VAT","5000k","3.0 Inch","12 -16V","36 tháng","Đèn chính","https://auto365.vn/bi-laser-titan-platinum-plus-2023","09–10/10/2026","Đã xác nhận theo PDP","Chủ quản (xác nhận 10/10/2026)","Theo PDP tại 10/10/2026",""
"38","Bi Laser","X-Light","Bi Laser X-Light X6 Pro","15000000","/bộ","Chưa gồm VAT","Giá bộ đèn tham khảo, chưa bao gồm VAT","5000K","","12V","36 Tháng","","https://auto365.vn/bi-laser-x-light-x6-pro","09–10/10/2026","Đã xác nhận theo PDP","Chủ quản (xác nhận 10/10/2026)","Theo PDP tại 10/10/2026",""
"39","Bi Laser","X-Light","BI LASER X-LIGHT V20L 2023 NHIỆT MÀU 4800K","11000000","/bộ","Chưa gồm VAT","Giá bộ đèn tham khảo, chưa bao gồm VAT","4800K","AR","12V","36 Tháng","","https://auto365.vn/bi-laser-x-light-v20l-2023","09–10/10/2026","Đã xác nhận theo PDP","Chủ quản (xác nhận 10/10/2026)","Theo PDP tại 10/10/2026",""
"40","Bi Laser","Khác","Bi Laser Red Turbo 9.0","13500000","/bộ","Chưa gồm VAT","Giá bộ đèn tham khảo, chưa bao gồm VAT","5500K","AR","12V","36 tháng","","https://auto365.vn/bi-laser-red-turbo-9","09–10/10/2026","Đã xác nhận theo PDP","Chủ quản (xác nhận 10/10/2026)","Theo PDP tại 10/10/2026",""
"41","Bi Laser","Khác","Bi Laser Red Pro 8.0","12500000","/bộ","Chưa gồm VAT","Giá bộ đèn tham khảo, chưa bao gồm VAT","","","12V","36 tháng","","https://auto365.vn/bi-laser-red-pro-8-0","09–10/10/2026","Đã xác nhận theo PDP","Chủ quản (xác nhận 10/10/2026)","Theo PDP tại 10/10/2026",""
"42","Bi Laser","Khác","Bi Laser Red Ultra 3.0","11500000","/bộ","Chưa gồm VAT","Giá bộ đèn tham khảo, chưa bao gồm VAT","","","12V","24 tháng","","https://auto365.vn/bi-laser-red-ultra-3-0","09–10/10/2026","Đã xác nhận theo PDP","Chủ quản (xác nhận 10/10/2026)","Theo PDP tại 10/10/2026",""
"43","Bi Laser","Fogway","Bi Laser Fogway Gen 9","12500000","/bộ","Chưa gồm VAT","Giá bộ đèn tham khảo, chưa bao gồm VAT","5500K","AR","12V","12 tháng","","https://auto365.vn/bi-laser-fogway-gen-9","09–10/10/2026","Đã xác nhận theo PDP","Chủ quản (xác nhận 10/10/2026)","Theo PDP tại 10/10/2026",""
"44","Bi Laser","Tirtim","Bi Laser Tirtim S600 Pro 2022","18000000","/bộ","Chưa gồm VAT","Giá bộ đèn tham khảo, chưa bao gồm VAT","","","12V","36 tháng","","https://auto365.vn/bi-laser-tirtim-s600-pro-2022","09–10/10/2026","Đã xác nhận theo PDP","Chủ quản (xác nhận 10/10/2026)","Theo PDP tại 10/10/2026",""
"45","Bi Laser","X-Light","Module Bi Laser Mini X-Light F+ Ultra 5500k","10500000","/bộ","Chưa gồm VAT","Giá bộ đèn tham khảo, chưa bao gồm VAT","5500K","1.8 Inch","12 -16V","24 tháng","Đèn chính","https://auto365.vn/module-bi-laser-mini-x-light-f-ultra-nhiet-mau-5000k","09–10/10/2026","Đã xác nhận theo PDP","Chủ quản (xác nhận 10/10/2026)","Theo PDP tại 10/10/2026",""
"46","Bi Laser","Henvvei","Bi Laser Henvvei L95 Pro 2022","45000000","/bộ","Chưa gồm VAT","Giá bộ đèn tham khảo, chưa bao gồm VAT","","","12V","","","https://auto365.vn/bi-laser-henvvei-l95-pro","09–10/10/2026","Đã xác nhận theo PDP","Chủ quản (xác nhận 10/10/2026)","Theo PDP tại 10/10/2026",""
"47","Bi Laser","X-Light","Bi Laser X-Light V20l New 5000k 2022","9900000","/bộ","Chưa gồm VAT","Giá bộ đèn tham khảo, chưa bao gồm VAT","","","","","","https://auto365.vn/bi-laser-x-light-v20l-new-nhiet-mau-5000k","09–10/10/2026","Đã xác nhận theo PDP","Chủ quản (xác nhận 10/10/2026)","Theo PDP tại 10/10/2026",""
"48","Bi Laser","Titan","BI LASER TITAN PLATINUM PLUS NHIỆT MÀU 5000K","16900000","/bộ","Chưa gồm VAT","Giá bộ đèn tham khảo, chưa bao gồm VAT","","","12V","36 tháng","","https://auto365.vn/bi-laser-titan-platinum-plus-nhiet-mau-5000k","09–10/10/2026","Đã xác nhận theo PDP","Chủ quản (xác nhận 10/10/2026)","Theo PDP tại 10/10/2026",""
"49","Bi Laser","Titan","Bi Laser Titan Platinum 6+3 2022","Liên hệ","","","","5500K","AR","12V","36 tháng","","https://auto365.vn/bi-laser-titan-platinum-6-3-2022","09–10/10/2026","Đã xác nhận theo PDP","Chủ quản (xác nhận 10/10/2026)","Theo PDP tại 10/10/2026",""
"50","Đèn trợ sáng","Titan","ĐÈN TRỢ SÁNG TITAN MOTO F2 ZERO GT","3500000","/bộ","Chưa gồm VAT","Giá bộ đèn tham khảo, chưa bao gồm VAT","4800K/3000K & 5500K/3000K","","12-16V","24 tháng","","https://auto365.vn/den-tro-sang-titan-moto-f2-zero-gt","09–10/10/2026","Đã xác nhận theo PDP","Chủ quản (xác nhận 10/10/2026)","Theo PDP tại 10/10/2026",""
"51","Đèn trợ sáng","Titan","ĐÈN TRỢ SÁNG TITAN MOTO F1 GT","2500000","/bộ","Chưa gồm VAT","Giá bộ đèn tham khảo, chưa bao gồm VAT","5500K/3000K - 5500K/5500K","","12V","12 tháng","","https://auto365.vn/den-tro-sang-titan-moto-f1-gt","09–10/10/2026","Đã xác nhận theo PDP","Chủ quản (xác nhận 10/10/2026)","Theo PDP tại 10/10/2026",""
"52","Đèn trợ sáng","Titan","ĐÈN TRỢ SÁNG TITAN MOTO F1 TURBO S","4200000","/bộ","Chưa gồm VAT","Giá bộ đèn tham khảo, chưa bao gồm VAT","4300K/5500K","","12V","12 tháng","","https://auto365.vn/den-tro-sang-titan-moto-f1-turbo-s","09–10/10/2026","Đã xác nhận theo PDP","Chủ quản (xác nhận 10/10/2026)","Theo PDP tại 10/10/2026",""
"53","Đèn trợ sáng","Titan","ĐÈN TRỢ SÁNG TITAN MOTO M10 PLUS","1200000","/bộ","Chưa gồm VAT","Giá bộ đèn tham khảo, chưa bao gồm VAT","6000K/3000K","","","","","https://auto365.vn/den-tro-sang-titan-moto-m10-plus","09–10/10/2026","Đã xác nhận theo PDP","Chủ quản (xác nhận 10/10/2026)","Theo PDP tại 10/10/2026",""
"54","Đèn trợ sáng","Khác","ĐÈN TRỢ SÁNG M10 ULTRA V2","1700000","/bộ","Chưa gồm VAT","Giá bộ đèn tham khảo, chưa bao gồm VAT","6000K/3000K","","","","","https://auto365.vn/den-tro-sang-m10-ultra-v2","09–10/10/2026","Đã xác nhận theo PDP","Chủ quản (xác nhận 10/10/2026)","Theo PDP tại 10/10/2026",""
"55","Đèn trợ sáng","Titan","ĐÈN TRỢ SÁNG TITAN M30 ULTRA","4500000","/bộ","Chưa gồm VAT","Giá bộ đèn tham khảo, chưa bao gồm VAT","6000K/3000K","","12V","12 tháng","","https://auto365.vn/den-tro-sang-titan-m30-ultra","09–10/10/2026","Đã xác nhận theo PDP","Chủ quản (xác nhận 10/10/2026)","Theo PDP tại 10/10/2026",""
"56","Đèn trợ sáng","Titan","ĐÈN TRỢ SÁNG TITAN MOTO M60 ULTRA V2","2500000","/bộ","Chưa gồm VAT","Giá bộ đèn tham khảo, chưa bao gồm VAT","6000K","","","","","https://auto365.vn/den-tro-sang-titan-moto-m60-ultra-v2","09–10/10/2026","Đã xác nhận theo PDP","Chủ quản (xác nhận 10/10/2026)","Theo PDP tại 10/10/2026",""
"57","Đèn trợ sáng","Titan","ĐÈN TRỢ SÁNG TITAN MOTO M45 HYPER","3500000","/bộ","Chưa gồm VAT","Giá bộ đèn tham khảo, chưa bao gồm VAT","6000K - 3000K","","","","","https://auto365.vn/den-tro-sang-titan-moto-m45-hyper","09–10/10/2026","Đã xác nhận theo PDP","Chủ quản (xác nhận 10/10/2026)","Theo PDP tại 10/10/2026",""
"58","Đèn trợ sáng","Titan","ĐÈN TRỢ SÁNG TITAN MOTO M90 ULTRA","2999000","/bộ","Chưa gồm VAT","Giá bộ đèn tham khảo, chưa bao gồm VAT","5500K","","","","","https://auto365.vn/m90-ultra","09–10/10/2026","Đã xác nhận theo PDP","Chủ quản (xác nhận 10/10/2026)","Theo PDP tại 10/10/2026",""
"59","Đèn trợ sáng","Titan","ĐÈN TRỢ SÁNG TITAN MOTO M60 ULTRA HIGHT","2800000","/bộ","Chưa gồm VAT","Giá bộ đèn tham khảo, chưa bao gồm VAT","","","","","","https://auto365.vn/titan-m60-ultra-hight","09–10/10/2026","Đã xác nhận theo PDP","Chủ quản (xác nhận 10/10/2026)","Theo PDP tại 10/10/2026",""
"60","Đèn trợ sáng","Titan","ĐÈN TRỢ SÁNG TITAN MOTO M20 ULTRA","2800000","/bộ","Chưa gồm VAT","Giá bộ đèn tham khảo, chưa bao gồm VAT","3000K, 6000K","","","","","https://auto365.vn/titan-moto-m20-ultra","09–10/10/2026","Đã xác nhận theo PDP","Chủ quản (xác nhận 10/10/2026)","Theo PDP tại 10/10/2026",""
"61","Đèn trợ sáng","Titan","ĐÈN TRỢ SÁNG TITAN MOTO M10 ULTRA","1400000","/bộ","Chưa gồm VAT","Giá bộ đèn tham khảo, chưa bao gồm VAT","","","12V","12 Tháng","","https://auto365.vn/den-tro-sang-titan-moto-m10-ultra","09–10/10/2026","Đã xác nhận theo PDP","Chủ quản (xác nhận 10/10/2026)","Theo PDP tại 10/10/2026",""
"62","Đèn trợ sáng","Titan","ĐÈN TRỢ SÁNG TITAN MOTO M60 ULTRA","2500000","/bộ","Chưa gồm VAT","Giá bộ đèn tham khảo, chưa bao gồm VAT","","","12V","12 Tháng","","https://auto365.vn/den-tro-sang-titan-moto-m60-ultra","09–10/10/2026","Đã xác nhận theo PDP","Chủ quản (xác nhận 10/10/2026)","Theo PDP tại 10/10/2026",""
"63","Đèn trợ sáng","X-Light","ĐÈN TRỢ SÁNG MINI X-LIGHT M10 PLUS","Liên hệ","","","","","","","","","https://auto365.vn/den-tro-sang-mini-x-light-m10-plus","09–10/10/2026","Đã xác nhận theo PDP","Chủ quản (xác nhận 10/10/2026)","Theo PDP tại 10/10/2026",""
"64","Đèn trợ sáng","X-Light","ĐÈN TRỢ SÁNG X-LIGHT M60","Liên hệ","","","","","","","","","https://auto365.vn/den-tro-sang-x-light-m60","09–10/10/2026","Đã xác nhận theo PDP","Chủ quản (xác nhận 10/10/2026)","Theo PDP tại 10/10/2026",""
"65","Đèn trợ sáng","X-Light","ĐÈN TRỢ SÁNG X-LIGHT M30","1700000","/bộ","Chưa gồm VAT","Giá bộ đèn tham khảo, chưa bao gồm VAT","","","","","","https://auto365.vn/den-tro-sang-x-light-m30","09–10/10/2026","Đã xác nhận theo PDP","Chủ quản (xác nhận 10/10/2026)","Theo PDP tại 10/10/2026",""
"66","Đèn trợ sáng","X-Light","ĐÈN TRỢ SÁNG MINI X-LIGHT M10","Liên hệ","","","","","","","","","https://auto365.vn/bi-led-mini-x-light-m10","09–10/10/2026","Đã xác nhận theo PDP","Chủ quản (xác nhận 10/10/2026)","Theo PDP tại 10/10/2026",""
"67","Bi gầm","GTR","Bi gầm GTR G1 Turbo V2","6000000","/bộ","Chưa gồm VAT","Giá bộ đèn tham khảo, chưa bao gồm VAT","Cos 4800K/Pha 4300K","3.0 Inch","12 -16V","24 tháng","Đèn Gầm/Sương Mù","https://auto365.vn/bi-gam-gtr-g1-turbo-v2","09–10/10/2026","Đã xác nhận theo PDP","Chủ quản (xác nhận 10/10/2026)","Theo PDP tại 10/10/2026",""
"68","Bi gầm","AES","Bi gầm AES SV 2.0 Max","5000000","/bộ","Chưa gồm VAT","Giá bộ đèn tham khảo, chưa bao gồm VAT","3000K/4300K/5500K","2.0 Inch","","24 tháng","","https://auto365.vn/bi-gam-aes-sv-20-max","09–10/10/2026","Đã xác nhận theo PDP","Chủ quản (xác nhận 10/10/2026)","Theo PDP tại 10/10/2026",""
"69","Bi gầm","AES","Bi gầm AES SV 3.0 Pro","5500000","/bộ","Chưa gồm VAT","Giá bộ đèn tham khảo, chưa bao gồm VAT","4800K","","","24 tháng","","https://auto365.vn/bi-gam-aes-sv-30-pro","09–10/10/2026","Đã xác nhận theo PDP","Chủ quản (xác nhận 10/10/2026)","Theo PDP tại 10/10/2026",""
"70","Bi gầm","AES","Bi gầm AES SV 3.0 Max","6000000","/bộ","Chưa gồm VAT","Giá bộ đèn tham khảo, chưa bao gồm VAT","3000K/4300K/5500K","3.0 Inch","12-16V","","","https://auto365.vn/bi-gam-aes-sv-30-max","09–10/10/2026","Đã xác nhận theo PDP","Chủ quản (xác nhận 10/10/2026)","Theo PDP tại 10/10/2026",""
"71","Bi gầm","X-Light","Bi gầm X-Light F10 Turbo V2 24V","6200000","/cặp","Chưa gồm VAT","Giá bộ đèn tham khảo, chưa bao gồm VAT","3000/4300/5500K","3.0 Inch","24V","24 tháng","Đèn Gầm/Sương Mù","https://auto365.vn/den-bi-gam-x-light-f10-turbo-24v-v2","09–10/10/2026","Đã xác nhận theo PDP","Chủ quản (xác nhận 10/10/2026)","Theo PDP tại 10/10/2026",""
"72","Bi gầm","X-Light","Bi gầm X-Light 301 V2","4500000","/cặp","Chưa gồm VAT","Giá bộ đèn tham khảo, chưa bao gồm VAT","3000-4300-5500K","3.0 Inch","12 -16V","24 tháng","Đèn Gầm/Sương Mù","https://auto365.vn/den-bi-gam-x-light-301-v2","09–10/10/2026","Đã xác nhận theo PDP","Chủ quản (xác nhận 10/10/2026)","Theo PDP tại 10/10/2026",""
"73","Bi gầm","X-Light","Bi gầm X-Light F10 Turbo V2","6000000","/cặp","Chưa gồm VAT","Giá bộ đèn tham khảo, chưa bao gồm VAT","3000/4300/5500K","3.0 Inch","12 -16V","24 tháng","Đèn Gầm/Sương Mù","https://auto365.vn/den-bi-gam-x-light-f10-turbo-v2","09–10/10/2026","Đã xác nhận theo PDP","Chủ quản (xác nhận 10/10/2026)","Theo PDP tại 10/10/2026",""
"74","Bi gầm","X-Light","Bi gầm X-Light F10 Pro V2","5500000","/cặp","Chưa gồm VAT","Giá bộ đèn tham khảo, chưa bao gồm VAT","3000-4300-5500K","3.0 Inch","12 -16V","24 tháng","Đèn Gầm/Sương Mù","https://auto365.vn/den-bi-gam-x-light-f10-pro-v2","09–10/10/2026","Đã xác nhận theo PDP","Chủ quản (xác nhận 10/10/2026)","Theo PDP tại 10/10/2026",""
"75","Bi gầm","X-Light","Bi gầm X-Light F10 2.0 New","4500000","/cặp","Chưa gồm VAT","Giá bộ đèn tham khảo, chưa bao gồm VAT","3000K - 4300K - 5500K","2.0 Inch","12-16V","24 tháng","","https://auto365.vn/den-bi-gam-x-light-f10-2-new","09–10/10/2026","Đã xác nhận theo PDP","Chủ quản (xác nhận 10/10/2026)","Theo PDP tại 10/10/2026",""
"76","Bi gầm","X-Light","Bi gầm X-Light X3 Ultra","5500000","/cặp","Chưa gồm VAT","Giá bộ đèn tham khảo, chưa bao gồm VAT","3000K/4300K/5500K","3.0 Inch","12-16V","24 tháng","Đèn Gầm/Sương Mù","https://auto365.vn/bi-gam-x-light-x3-ultra","09–10/10/2026","Đã xác nhận theo PDP","Chủ quản (xác nhận 10/10/2026)","Theo PDP tại 10/10/2026",""
"77","Bi gầm","X-Light","Bi gầm X-Light F10 New (2025)","4300000","/cặp","Chưa gồm VAT","Giá bộ đèn tham khảo, chưa bao gồm VAT","4800K","3.0 Inch","12-16V","24 tháng","Đèn Gầm/Sương Mù","https://auto365.vn/den-bi-gam-x-light-f10-new-2025","09–10/10/2026","Đã xác nhận theo PDP","Chủ quản (xác nhận 10/10/2026)","Theo PDP tại 10/10/2026",""
"78","Bi gầm","X-Light","Bi gầm X-Light F10 Hyper 2.0","5500000","/cặp","Chưa gồm VAT","Giá bộ đèn tham khảo, chưa bao gồm VAT","Cos 5000K/Pha 5000K - Cos 4500K/Pha 3000K","2.0 Inch","12 -16V","24 tháng","","https://auto365.vn/bi-gam-x-light-f10-hyper-20","09–10/10/2026","Đã xác nhận theo PDP","Chủ quản (xác nhận 10/10/2026)","Theo PDP tại 10/10/2026",""
"79","Bi gầm","X-Light","Bi gầm X-Light F10 2.0 inch (xe máy)","3700000","/cặp","Chưa gồm VAT","Giá bộ đèn tham khảo, chưa bao gồm VAT","3000K - 4300K - 5500K","","","","","https://auto365.vn/x-light-f10-20-inch-moto","09–10/10/2026","Đã xác nhận theo PDP","Chủ quản (xác nhận 10/10/2026)","Theo PDP tại 10/10/2026",""
"80","Bi gầm","X-Light","Bi gầm X-Light F10 Pro (3 nhiệt màu)","5500000","/cặp","Chưa gồm VAT","Giá bộ đèn tham khảo, chưa bao gồm VAT","3000k - 4300k - 5500k","3.0 Inch","12 -16V","24 tháng","","https://auto365.vn/bi-gam-xlight-f10-pro","09–10/10/2026","Đã xác nhận theo PDP","Chủ quản (xác nhận 10/10/2026)","Theo PDP tại 10/10/2026",""
"81","Bi gầm","X-Light","Bi gầm X-Light F10 2.0 inch (2024)","4200000","/cặp","Chưa gồm VAT","Giá bộ đèn tham khảo, chưa bao gồm VAT","3000K - 4300K - 5500K","2.0 Inch","","","","https://auto365.vn/x-light-f10-2024","09–10/10/2026","Đã xác nhận theo PDP","Chủ quản (xác nhận 10/10/2026)","Theo PDP tại 10/10/2026",""
"82","Bi gầm","X-Light","Bi gầm X-Light F10 Turbo 24V","6000000","/cặp","Chưa gồm VAT","Giá bộ đèn tham khảo, chưa bao gồm VAT","3000K/4300K/5500K","3.0 Inch","24V","24 tháng","Đèn Gầm/Sương Mù","https://auto365.vn/bi-gam-x-light-f10-turbo-24v","09–10/10/2026","Đã xác nhận theo PDP","Chủ quản (xác nhận 10/10/2026)","Theo PDP tại 10/10/2026",""
"83","Bi gầm","Henvvei","Bi gầm Henvvei GT-1","5800000","/bộ","Chưa gồm VAT","Giá bộ đèn tham khảo, chưa bao gồm VAT","3000K - 4300K - 5500K","3.0 Inch","","24 tháng","","https://auto365.vn/bi-gam-henvvei-gt-1","09–10/10/2026","Đã xác nhận theo PDP","Chủ quản (xác nhận 10/10/2026)","Theo PDP tại 10/10/2026",""
"84","Bi gầm","GTR","Bi gầm GTR G1 Turbo","6200000","/bộ","Chưa gồm VAT","Giá bộ đèn tham khảo, chưa bao gồm VAT","3000K/4300K/5500K","","12 -16V","","","https://auto365.vn/bi-gam-gtr-g1-turbo","09–10/10/2026","Đã xác nhận theo PDP","Chủ quản (xác nhận 10/10/2026)","Theo PDP tại 10/10/2026",""
"85","Bi gầm","X-Light","Bi gầm X-Light F10 Turbo","6000000","/cặp","Chưa gồm VAT","Giá bộ đèn tham khảo, chưa bao gồm VAT","3000K/4300K/5500K","3.0 Inch","","24 tháng","","https://auto365.vn/bi-gam-x-light-f10-turbo","09–10/10/2026","Đã xác nhận theo PDP","Chủ quản (xác nhận 10/10/2026)","Theo PDP tại 10/10/2026",""
"86","Bi gầm","X-Light","Bi gầm X-Light F10 2.0 inch (2023)","4200000","/cặp","Chưa gồm VAT","Giá bộ đèn tham khảo, chưa bao gồm VAT","3000 - 4300 -5500K","2.0 Inch","12V - 16V","24 tháng","","https://auto365.vn/bi-gam-x-light-f10-20-inch","09–10/10/2026","Đã xác nhận theo PDP","Chủ quản (xác nhận 10/10/2026)","Theo PDP tại 10/10/2026",""
"87","Bi gầm","X-Light","Bi gầm X-Light X3 Pro","5000000","/cặp","Chưa gồm VAT","Giá bộ đèn tham khảo, chưa bao gồm VAT","3000K - 4300K - 5500K","3.0 Inch","12-24V","24 tháng","","https://auto365.vn/bi-gam-led-x-light-x3-pro","09–10/10/2026","Đã xác nhận theo PDP","Chủ quản (xác nhận 10/10/2026)","Theo PDP tại 10/10/2026",""
"88","Bi gầm","Titan","Bi gầm Titan 301 (3 nhiệt màu)","3500000","/bộ","Chưa gồm VAT","Giá bộ đèn tham khảo, chưa bao gồm VAT","3000K - 4300K - 5500K","3 Inch","12V - 16V","24 Tháng","","https://auto365.vn/bi-gam-titan-301","09–10/10/2026","Đã xác nhận theo PDP","Chủ quản (xác nhận 10/10/2026)","Theo PDP tại 10/10/2026",""
"89","Bi gầm","GTR","Bi gầm GTR G1 Ultra","5500000","/bộ","Chưa gồm VAT","Giá bộ đèn tham khảo, chưa bao gồm VAT","3000K - 4300K - 5500K","3.0 Inch","12V","","","https://auto365.vn/bi-gam-led-gtr-g1-ultra","09–10/10/2026","Đã xác nhận theo PDP","Chủ quản (xác nhận 10/10/2026)","Theo PDP tại 10/10/2026",""
"90","Bi gầm","Red Lighting","Bi gầm Red Lighting R8 Spyder","5500000","/bộ","Chưa gồm VAT","Giá bộ đèn tham khảo, chưa bao gồm VAT","3000K – 4300K – 5500K","3.0 Inch","12V","24 tháng","","https://auto365.vn/bi-gam-red-lighting-r8-spyder","09–10/10/2026","Đã xác nhận theo PDP","Chủ quản (xác nhận 10/10/2026)","Theo PDP tại 10/10/2026",""
"91","Bi gầm","Fogway","Bi gầm Fogway Gen 1","4000000","/bộ","Chưa gồm VAT","Giá bộ đèn tham khảo, chưa bao gồm VAT","3000K - 4300K - 5500K","3.0 Inch","","12 tháng","","https://auto365.vn/bi-gam-fogway-gen-1","09–10/10/2026","Đã xác nhận theo PDP","Chủ quản (xác nhận 10/10/2026)","Theo PDP tại 10/10/2026",""
"92","Bi gầm","Matrix Light","Bi gầm Matrix Light M1 Pro","4000000","/bộ","Chưa gồm VAT","Giá bộ đèn tham khảo, chưa bao gồm VAT","3000K - 4300K - 5500K","3.0 Inch","12V","12 tháng","","https://auto365.vn/bi-gam-matrix-light-m1-pro","09–10/10/2026","Đã xác nhận theo PDP","Chủ quản (xác nhận 10/10/2026)","Theo PDP tại 10/10/2026",""
"93","Bi gầm","X-Light","Bi gầm X-Light F10 (2022, có mắt quỷ)","4000000","/cặp","Chưa gồm VAT","Giá bộ đèn tham khảo, chưa bao gồm VAT","3000K/4300K/5500K","3.0 Inch","","24 tháng","","https://auto365.vn/bi-gam-led-x-light-f10-2022-co-mat-quy","09–10/10/2026","Đã xác nhận theo PDP","Chủ quản (xác nhận 10/10/2026)","Theo PDP tại 10/10/2026",""
"94","Bi gầm","GTR","Bi gầm LED GTR G1 Pro","Liên hệ","","","","","3.0 Inch","12-24V","36 tháng","","https://auto365.vn/bi-gam-led-gtr-g1-pro","09–10/10/2026","Đã xác nhận theo PDP","Chủ quản (xác nhận 10/10/2026)","Theo PDP tại 10/10/2026",""
"95","Bi gầm","X-Light","Bi gầm X-Light F10 New (đời trước)","4000000","/cặp","Chưa gồm VAT","Giá bộ đèn tham khảo, chưa bao gồm VAT","3000K/4300K/5500K","3 Inch","12 - 16V","2 Năm","Đèn Gầm/Sương Mù","https://auto365.vn/bi-gam-x-light-f10","09–10/10/2026","Đã xác nhận theo PDP","Chủ quản (xác nhận 10/10/2026)","Theo PDP tại 10/10/2026",""
"96","Bi gầm","GTR","Bi gầm GTR Special Edition 150 Plus","Liên hệ","","","","","3.0 Inch","","","","https://auto365.vn/bi-gam-gtr-special-edition-150-plus","09–10/10/2026","Đã xác nhận theo PDP","Chủ quản (xác nhận 10/10/2026)","Theo PDP tại 10/10/2026",""
"97","Bóng LED","X-Light","X-Light V12 Hyper 360","2500000","/cặp","Chưa gồm VAT","Giá bộ đèn tham khảo, chưa bao gồm VAT","5800K","","12 -16V","24 tháng","Đèn chính","https://auto365.vn/bong-led-x-light-v12-hyper-360","09–10/10/2026","Đã xác nhận theo PDP","Chủ quản (xác nhận 10/10/2026)","Theo PDP tại 10/10/2026",""
"98","Bóng LED","X-Light","X-Light T10","200000","/cặp","Chưa gồm VAT","Giá bộ đèn tham khảo, chưa bao gồm VAT","","","","12 tháng","","https://auto365.vn/den-led-x-light-t10","09–10/10/2026","Đã xác nhận theo PDP","Chủ quản (xác nhận 10/10/2026)","Theo PDP tại 10/10/2026",""
"99","Bóng LED","X-Light","X-Light S6 Pro V2 H4","2200000","/bộ","Chưa gồm VAT","Giá bộ đèn tham khảo, chưa bao gồm VAT","6000K","","12V","24 tháng","Đèn chính","https://auto365.vn/bong-led-x-light-s6-pro-v2-chan-h4","09–10/10/2026","Đã xác nhận theo PDP","Chủ quản (xác nhận 10/10/2026)","Theo PDP tại 10/10/2026",""
"100","Bóng LED","X-Light","X-Light S6 Pro V2","2000000","/bộ","Chưa gồm VAT","Giá bộ đèn tham khảo, chưa bao gồm VAT","6000K","","12V","24 tháng","Đèn chính","https://auto365.vn/bong-led-x-light-s6-pro-v2","09–10/10/2026","Đã xác nhận theo PDP","Chủ quản (xác nhận 10/10/2026)","Theo PDP tại 10/10/2026",""
"101","Bóng LED","X-Light","X-Light S3 Pro V2 H4","1600000","/bộ","Chưa gồm VAT","Giá bộ đèn tham khảo, chưa bao gồm VAT","6000K","","12/24V","24 tháng","Đèn chính","https://auto365.vn/bong-led-x-light-s3-pro-v2-chan-h4","09–10/10/2026","Đã xác nhận theo PDP","Chủ quản (xác nhận 10/10/2026)","Theo PDP tại 10/10/2026",""
"102","Bóng LED","X-Light","X-Light S3 Pro V2","1500000","/bộ","Chưa gồm VAT","Giá bộ đèn tham khảo, chưa bao gồm VAT","6000K","","12/24V","24 tháng","Đèn chính","https://auto365.vn/bong-led-x-light-s3-pro-v2","09–10/10/2026","Đã xác nhận theo PDP","Chủ quản (xác nhận 10/10/2026)","Theo PDP tại 10/10/2026",""
"103","Bóng LED","X-Light","X-Light S8 Pro 4300K H4","2700000","/cặp","VAT xác nhận theo báo giá","Giá bộ đèn tham khảo, chưa bao gồm VAT","4300K","","12V","24 tháng","Đèn chính","https://auto365.vn/bong-led-naoevo-s8-pro-nhiet-mau-4300k-chan-h4","09–10/10/2026","Đã xác nhận theo PDP","Chủ quản (xác nhận 10/10/2026)","Theo PDP tại 10/10/2026",""
"104","Bóng LED","X-Light","X-Light S9 Pro 9005","2800000","/cặp","VAT xác nhận theo báo giá","Giá bộ đèn tham khảo, chưa bao gồm VAT","5800K","","9 - 16v","24 tháng","Đèn chính","https://auto365.vn/bong-led-naoevo-s9-pro-chan-9005","09–10/10/2026","Đã xác nhận theo PDP","Chủ quản (xác nhận 10/10/2026)","Theo PDP tại 10/10/2026",""
"105","Bóng LED","X-Light","X-Light S9 Pro H11","2800000","/cặp","VAT xác nhận theo báo giá","Giá bộ đèn tham khảo, chưa bao gồm VAT","5800K","","9 - 16v","24 tháng","Đèn chính","https://auto365.vn/bong-led-naoevo-s9-pro-chan-h11","09–10/10/2026","Đã xác nhận theo PDP","Chủ quản (xác nhận 10/10/2026)","Theo PDP tại 10/10/2026",""
"106","Bóng LED","X-Light","X-Light S9 Pro H7","2800000","/cặp","VAT xác nhận theo báo giá","Giá bộ đèn tham khảo, chưa bao gồm VAT","5800K","","9-16V","24 tháng","","https://auto365.vn/bong-led-naoevo-s9-pro-chan-h7","09–10/10/2026","Đã xác nhận theo PDP","Chủ quản (xác nhận 10/10/2026)","Theo PDP tại 10/10/2026",""
"107","Bóng LED","X-Light","X-Light S9 Pro H4","3000000","/cặp","VAT xác nhận theo báo giá","Giá bộ đèn tham khảo, chưa bao gồm VAT","5800K","","9 - 16v","24 tháng","Đèn chính","https://auto365.vn/bong-led-naoevo-s9-pro-chan-h4","09–10/10/2026","Đã xác nhận theo PDP","Chủ quản (xác nhận 10/10/2026)","Theo PDP tại 10/10/2026",""
"108","Bóng LED","X-Light","X-Light S8 Pro 9005","2500000","/cặp","VAT xác nhận theo báo giá","Giá bộ đèn tham khảo, chưa bao gồm VAT","5800K","","9 - 16v","24 tháng","Đèn chính","https://auto365.vn/bong-led-naoevo-s8-pro-chan-9005","09–10/10/2026","Đã xác nhận theo PDP","Chủ quản (xác nhận 10/10/2026)","Theo PDP tại 10/10/2026",""
"109","Bóng LED","X-Light","X-Light S8 Pro H11","2500000","/cặp","VAT xác nhận theo báo giá","Giá bộ đèn tham khảo, chưa bao gồm VAT","5800K","","9 - 16v","24 tháng","","https://auto365.vn/bong-led-naoevo-s8-pro-chan-h11","09–10/10/2026","Đã xác nhận theo PDP","Chủ quản (xác nhận 10/10/2026)","Theo PDP tại 10/10/2026",""
"110","Bóng LED","X-Light","X-Light S8 Pro H7","2500000","/cặp","VAT xác nhận theo báo giá","Giá bộ đèn tham khảo, chưa bao gồm VAT","5800K","","9 - 16v","24 tháng","Đèn chính","https://auto365.vn/bong-led-naoevo-s8-pro-chan-h7","09–10/10/2026","Đã xác nhận theo PDP","Chủ quản (xác nhận 10/10/2026)","Theo PDP tại 10/10/2026",""
"111","Bóng LED","X-Light","X-Light S8 Pro H4","2700000","/cặp","VAT xác nhận theo báo giá","Giá bộ đèn tham khảo, chưa bao gồm VAT","5800K","","9 - 16v","24 tháng","Đèn chính","https://auto365.vn/bong-led-naoevo-s8-pro-chan-h4","09–10/10/2026","Đã xác nhận theo PDP","Chủ quản (xác nhận 10/10/2026)","Theo PDP tại 10/10/2026",""
"112","Bóng LED","X-Light","X-Light S6 Pro 9005","1800000","/cặp","VAT xác nhận theo báo giá","Giá bộ đèn tham khảo, chưa bao gồm VAT","5800K","","12/24V","24 tháng","Đèn chính","https://auto365.vn/bong-led-naoevo-s6-pro-chan-9005","09–10/10/2026","Đã xác nhận theo PDP","Chủ quản (xác nhận 10/10/2026)","Theo PDP tại 10/10/2026",""
"113","Bóng LED","X-Light","X-Light S6 Pro H11","1800000","/cặp","VAT xác nhận theo báo giá","Giá bộ đèn tham khảo, chưa bao gồm VAT","5800K","","12/24V","24 tháng","Đèn chính","https://auto365.vn/bong-led-naoevo-s6-pro-chan-h11","09–10/10/2026","Đã xác nhận theo PDP","Chủ quản (xác nhận 10/10/2026)","Theo PDP tại 10/10/2026",""
"114","Bóng LED","X-Light","X-Light S6 Pro H7","1800000","/cặp","VAT xác nhận theo báo giá","Giá bộ đèn tham khảo, chưa bao gồm VAT","5800K","","12/24V","24 tháng","","https://auto365.vn/bong-led-naoevo-s6-pro-chan-h7","09–10/10/2026","Đã xác nhận theo PDP","Chủ quản (xác nhận 10/10/2026)","Theo PDP tại 10/10/2026",""
"115","Bóng LED","X-Light","X-Light S6 Pro H4","2000000","/cặp","VAT xác nhận theo báo giá","Giá bộ đèn tham khảo, chưa bao gồm VAT","5800K","","12/24V","24 tháng","Đèn chính","https://auto365.vn/bong-led-naoevo-s6-pro-chan-h4","09–10/10/2026","Đã xác nhận theo PDP","Chủ quản (xác nhận 10/10/2026)","Theo PDP tại 10/10/2026",""
"116","Bóng LED","X-Light","X-Light S3 Pro 9005","1500000","/cặp","VAT xác nhận theo báo giá","Giá bộ đèn tham khảo, chưa bao gồm VAT","5800K","","9 - 16v","24 tháng","Đèn chính","https://auto365.vn/bong-led-naoevo-s3-pro-chan-9005","09–10/10/2026","Đã xác nhận theo PDP","Chủ quản (xác nhận 10/10/2026)","Theo PDP tại 10/10/2026",""
"117","Bóng LED","X-Light","X-Light S9 Pro H1","2800000","/cặp","VAT xác nhận theo báo giá","Giá bộ đèn tham khảo, chưa bao gồm VAT","5800K","","9 - 16v","24 tháng","Đèn chính","https://auto365.vn/bong-led-naoevo-s9-pro-chan-h1","09–10/10/2026","Đã xác nhận theo PDP","Chủ quản (xác nhận 10/10/2026)","Theo PDP tại 10/10/2026",""
"118","Bóng LED","X-Light","X-Light S8 Pro H1","2500000","/cặp","VAT xác nhận theo báo giá","Giá bộ đèn tham khảo, chưa bao gồm VAT","5800K","","9 - 16v","24 tháng","Đèn chính","https://auto365.vn/bong-led-naoevo-s8-pro-chan-h1","09–10/10/2026","Đã xác nhận theo PDP","Chủ quản (xác nhận 10/10/2026)","Theo PDP tại 10/10/2026",""
"119","Bóng LED","X-Light","X-Light S3 Pro H11","1500000","/cặp","VAT xác nhận theo báo giá","Giá bộ đèn tham khảo, chưa bao gồm VAT","5800K","","9 - 16v","24 tháng","Đèn chính","https://auto365.vn/bong-led-naoevo-s3-pro-chan-h11","09–10/10/2026","Đã xác nhận theo PDP","Chủ quản (xác nhận 10/10/2026)","Theo PDP tại 10/10/2026",""
"120","Bóng LED","X-Light","X-Light S3 Pro H7","1500000","/cặp","VAT xác nhận theo báo giá","Giá bộ đèn tham khảo, chưa bao gồm VAT","5800K","","9 - 16v","24 tháng","","https://auto365.vn/bong-led-naoevo-s3-pro-chan-h7","09–10/10/2026","Đã xác nhận theo PDP","Chủ quản (xác nhận 10/10/2026)","Theo PDP tại 10/10/2026",""
"121","Bóng LED","X-Light","X-Light S3 Pro H4","1700000","/cặp","VAT xác nhận theo báo giá","Giá bộ đèn tham khảo, chưa bao gồm VAT","5800K","","9 - 16v","24 tháng","","https://auto365.vn/bong-led-naoevo-s3-pro-chan-h4","09–10/10/2026","Đã xác nhận theo PDP","Chủ quản (xác nhận 10/10/2026)","Theo PDP tại 10/10/2026",""
"122","Bóng LED","X-Light","X-Light S3 Pro H1","1500000","/cặp","VAT xác nhận theo báo giá","Giá bộ đèn tham khảo, chưa bao gồm VAT","5800K","","9 - 16v","24 tháng","Đèn chính","https://auto365.vn/bong-led-naoevo-s3-pro-chan-h1","09–10/10/2026","Đã xác nhận theo PDP","Chủ quản (xác nhận 10/10/2026)","Theo PDP tại 10/10/2026",""
"123","Bóng LED","X-Light","X-Light S6 Pro H1","1800000","/cặp","VAT xác nhận theo báo giá","Giá bộ đèn tham khảo, chưa bao gồm VAT","5800K","","12/24V","24 tháng","Đèn chính","https://auto365.vn/bong-led-naoevo-s6-pro-chan-h1","09–10/10/2026","Đã xác nhận theo PDP","Chủ quản (xác nhận 10/10/2026)","Theo PDP tại 10/10/2026",""
"124","Bóng LED","X-Light","X-Light S8 Pro 4300K","2500000","/cặp","VAT xác nhận theo báo giá","Giá bộ đèn tham khảo, chưa bao gồm VAT","4300K","","16V","24 tháng","Đèn chính","https://auto365.vn/bong-led-s8-pro-4300k","09–10/10/2026","Đã xác nhận theo PDP","Chủ quản (xác nhận 10/10/2026)","Theo PDP tại 10/10/2026",""
"125","Đèn gầm dạng rời","Titan","Đèn gầm dạng rời Titan Moto M20 Ultra V2","4500000","/bộ","Chưa gồm VAT","Giá bộ đèn tham khảo, chưa bao gồm VAT","5500K/5500K 5500K/3000K 4800K/3000K","","12-16V","18 tháng","","https://auto365.vn/den-gam-dang-roi-titan-moto-m20-ultra-v2","09–10/10/2026","Đã xác nhận theo PDP","Chủ quản (xác nhận 10/10/2026)","Theo PDP tại 10/10/2026",""
"126","Đèn gầm dạng rời","Titan","Đèn gầm dạng rời Titan Moto M10 Ultra V3","2000000","/bộ","Chưa gồm VAT","Giá bộ đèn tham khảo, chưa bao gồm VAT","5500K/5500K hoặc 5500K/3000K","","12-16V","12 tháng","","https://auto365.vn/den-gam-dang-roi-titan-moto-m10-ultra-v3","09–10/10/2026","Đã xác nhận theo PDP","Chủ quản (xác nhận 10/10/2026)","Theo PDP tại 10/10/2026",""
"127","Đèn gầm dạng rời","X-Light","Đèn gầm dạng rời X-Light F30 Ultra","4800000","/bộ","Chưa gồm VAT","Giá bộ đèn tham khảo, chưa bao gồm VAT","6500K/6500K, 5500K/3000K, 3000K/3000K","","12-16V","24 tháng","","https://auto365.vn/x-light-f30-ultra","09–10/10/2026","Đã xác nhận theo PDP","Chủ quản (xác nhận 10/10/2026)","Theo PDP tại 10/10/2026",""
"128","Đèn gầm dạng rời","Titan","Đèn Trợ Sáng Titan M40 Ultra V2","6500000","/bộ","Chưa gồm VAT","Giá bộ đèn tham khảo, chưa bao gồm VAT","5500K/3000K, 4800K/3000K, 3000K/3000K","","12/24V","24 tháng","","https://auto365.vn/den-tro-sang-titan-m40-ultra-v2","09–10/10/2026","Đã xác nhận theo PDP","Chủ quản (xác nhận 10/10/2026)","Theo PDP tại 10/10/2026",""
"129","Đèn gầm dạng rời","Titan","Đèn Trợ Sáng Titan Moto M30 Ultra V2","5500000","/bộ","Chưa gồm VAT","Giá bộ đèn tham khảo, chưa bao gồm VAT","4800K/3000K & 5500K/5500K","","12 -16V","18 tháng","","https://auto365.vn/den-tro-sang-titan-moto-m30-ultra-v2","09–10/10/2026","Đã xác nhận theo PDP","Chủ quản (xác nhận 10/10/2026)","Theo PDP tại 10/10/2026",""